2026-02-01T10:03:42.315783,Paul,Cole,Marauder|EZPZ|Benediction,
2026-02-01T10:13:03.164357,Paul,Cole,Marauder|EZPZ|Benediction,
2026-02-01T11:12:16.510290,Paul,Cole,Marauder|EZPZ|Benediction,
2026-02-01T13:29:12.296779,Paul,Cole,Marauder|EZPZ|Benediction,
2026-02-01T13:35:19.248709,Paul,Cole,Marauder|EZPZ|Benediction,
2026-02-01T14:15:36.345260,Paul,Cole,Marauder|EZPZ|Benediction,
2026-02-01T15:13:27.340726,Paul,Cole,Marauder|EZPZ|Benediction,
2026-02-01T16:14:47.849921,Paul,Cole,Marauder|EZPZ|Benediction,
2026-02-01T17:14:51.021570,Paul,Cole,Marauder|EZPZ|Benediction,
2026-02-01T18:18:11.488585,Paul,Cole,Marauder|EZPZ|Benediction,
2026-02-01T19:16:01.769253,Paul,Cole,Marauder|EZPZ|Benediction,
2026-02-01T20:12:16.479509,Paul,Cole,Marauder|EZPZ|Benediction,
2026-02-01T21:12:55.843619,Paul,Cole,Marauder|EZPZ|Benediction,
2026-02-01T22:11:43.198374,Paul,Cole,Marauder|EZPZ|Benediction,
2026-02-01T23:14:25.707855,Paul,Cole,Marauder|EZPZ|Benediction,
2026-02-02T01:01:27.782490,Paul,Cole,Marauder|EZPZ|Benediction,
2026-02-02T04:10:58.627239,Paul,Cole,Marauder|EZPZ|Benediction,
2026-02-02T05:55:46.074248,Paul,Cole,Marauder|EZPZ|Benediction,
2026-02-02T06:49:39.405247,Paul,Cole,Marauder|EZPZ|Benediction,
2026-02-02T07:42:13.272292,Paul,Cole,Marauder|EZPZ|Benediction,
2026-02-02T08:28:49.372444,Paul,Cole,Marauder|EZPZ|Benediction,
2026-02-02T09:34:38.018281,Paul,Cole,Marauder|EZPZ|Benediction,
2026-02-02T10:33:16.077765,Paul,Cole,Marauder|EZPZ|Benediction,
2026-02-02T11:27:52.813244,Paul,Cole,Marauder|EZPZ|Benediction,
2026-02-02T12:29:42.585063,Paul,Cole,Marauder|EZPZ|Benediction,
2026-02-02T13:53:37.853824,Paul,Cole,Marauder|EZPZ|Benediction,
2026-02-02T14:32:57.570879,Paul,Cole,Marauder|EZPZ|Benediction,
2026-02-02T15:27:51.771310,Paul,Cole,Marauder|EZPZ|Benediction,
2026-02-02T16:22:25.383878,Paul,Cole,Marauder|EZPZ|Benediction,
2026-02-02T17:29:06.063799,Paul,Cole,Marauder|EZPZ|Benediction,
2026-02-02T18:26:12.861621,Paul,Cole,Marauder|EZPZ|Benediction,
2026-02-03T08:56:00.740065,Paul,Cole,Marauder|EZPZ|Benediction,
2026-02-03T11:08:12.523028,Paul,Cole,Marauder|EZPZ|Benediction,
2026-02-03T14:33:35.637016,Paul,Cole,Marauder|EZPZ|Benediction,
2026-02-03T18:07:37.576867,Paul,Cole,Marauder|EZPZ|Benediction,
2026-02-03T20:05:59.187548,Paul,Cole,Marauder|EZPZ|Benediction,
2026-02-03T22:03:35.166954,Paul,Cole,Marauder|EZPZ|Benediction,
2026-02-03T23:54:50.015363,Paul,Cole,Marauder|EZPZ|Benediction,
2026-02-04T05:00:23.932378,Paul,Cole,Marauder|EZPZ|Benediction,
2026-02-04T07:35:11.734444,Diana,Finnegan,Huntress' Intuition|Mythological Ritual|Pet XP Buff|Sharing is Caring,
2026-02-04T10:10:19.070257,Diana,Finnegan,Huntress' Intuition|Mythological Ritual|Pet XP Buff|Sharing is Caring,
2026-02-04T11:59:20.369961,Diana,Finnegan,Huntress' Intuition|Mythological Ritual|Pet XP Buff|Sharing is Caring,
2026-02-04T14:32:08.153256,Diana,Finnegan,Huntress' Intuition|Mythological Ritual|Pet XP Buff|Sharing is Caring,
2026-02-04T17:34:21.657174,Diana,Finnegan,Huntress' Intuition|Mythological Ritual|Pet XP Buff|Sharing is Caring,
2026-02-04T19:54:30.382921,Diana,Finnegan,Huntress' Intuition|Mythological Ritual|Pet XP Buff|Sharing is Caring,
2026-02-04T21:05:49.436840,Diana,Finnegan,Huntress' Intuition|Mythological Ritual|Pet XP Buff|Sharing is Caring,
2026-02-04T22:56:48.616135,Diana,Finnegan,Huntress' Intuition|Mythological Ritual|Pet XP Buff|Sharing is Caring,
2026-02-04T23:55:08.154088,Diana,Finnegan,Huntress' Intuition|Mythological Ritual|Pet XP Buff|Sharing is Caring,
2026-02-05T05:09:47.569843,Diana,Finnegan,Huntress' Intuition|Mythological Ritual|Pet XP Buff|Sharing is Caring,
2026-02-05T08:01:59.225129,Diana,Finnegan,Huntress' Intuition|Mythological Ritual|Pet XP Buff|Sharing is Caring,
2026-02-05T11:10:45.324211,Diana,Finnegan,Huntress' Intuition|Mythological Ritual|Pet XP Buff|Sharing is Caring,
